{
    "posture": 3,
    "Eye Contact": 3,
    "Smile Score": 0,
    "Energetic Start": 2,
    "average_volume": -24.51276191684193,
    "speaking_pace": 150.35738597685497,
    "average_volume_percentage": 59.14539680526345
}